{"cameraMode":{"drawMode":0,"name":"Shaded","section":"Shading Mode"},"sceneLighting":true,"audioPlay":false,"sceneViewState":{"m_AlwaysRefresh":false,"showFog":true,"showSkybox":true,"showFlares":true,"showImageEffects":true,"showParticleSystems":true,"showVisualEffectGraphs":true,"m_FxEnabled":true},"in2DMode":false,"pivot":{"x":-2.0148401260375978,"y":3.2908716201782228,"z":-4.524076461791992},"rotation":{"x":0.41868874430656435,"y":-2.6455975188355297e-8,"z":3.6446922990762689e-7,"w":0.9081324934959412},"size":7.9435906410217289,"orthographic":false}